{
  "n_test": 1280,
  "n_test_refuse": 128,
  "n_train": 10180,
  "n_train_refuse": 1018,
  "n_val": 1270,
  "n_val_refuse": 127,
  "realized_refuse_fraction": {
    "test": 0.1,
    "train": 0.1,
    "val": 0.1
  },
  "test_accuracy": 0.99296875,
  "test_confusion_matrix": [
    [
      1151,
      1
    ],
    [
      8,
      120
    ]
  ],
  "test_dont_refuse_f1": 0.9961055819991346,
  "test_dont_refuse_precision": 0.9930974978429681,
  "test_dont_refuse_recall": 0.9991319444444444,
  "test_refuse_f1": 0.963855421686747,
  "test_refuse_precision": 0.9917355371900827,
  "test_refuse_recall": 0.9375,
  "val_accuracy": 0.9960629921259843,
  "val_confusion_matrix": [
    [
      1141,
      2
    ],
    [
      3,
      124
    ]
  ],
  "val_dont_refuse_f1": 0.9978137297770004,
  "val_dont_refuse_precision": 0.9973776223776224,
  "val_dont_refuse_recall": 0.9982502187226596,
  "val_refuse_f1": 0.9802371541501976,
  "val_refuse_precision": 0.9841269841269841,
  "val_refuse_recall": 0.9763779527559056
}