{
  "n_test": 256,
  "n_test_refuse": 128,
  "n_train": 2036,
  "n_train_refuse": 1018,
  "n_val": 254,
  "n_val_refuse": 127,
  "realized_refuse_fraction": {
    "test": 0.5,
    "train": 0.5,
    "val": 0.5
  },
  "test_accuracy": 0.984375,
  "test_confusion_matrix": [
    [
      128,
      0
    ],
    [
      4,
      124
    ]
  ],
  "test_dont_refuse_f1": 0.9846153846153847,
  "test_dont_refuse_precision": 0.9696969696969697,
  "test_dont_refuse_recall": 1.0,
  "test_refuse_f1": 0.9841269841269841,
  "test_refuse_precision": 1.0,
  "test_refuse_recall": 0.96875,
  "val_accuracy": 0.984251968503937,
  "val_confusion_matrix": [
    [
      125,
      2
    ],
    [
      2,
      125
    ]
  ],
  "val_dont_refuse_f1": 0.984251968503937,
  "val_dont_refuse_precision": 0.984251968503937,
  "val_dont_refuse_recall": 0.984251968503937,
  "val_refuse_f1": 0.984251968503937,
  "val_refuse_precision": 0.984251968503937,
  "val_refuse_recall": 0.984251968503937
}